{"means": [-6.51933287715935e-17, -9.25185853854297e-18, -1.9810811045031257e-16, -1.7072906396125228e-16, -2.1515950089634816e-19, 4.936565798690588e-17, 6.400995151666358e-17, 1.7533347728043411e-15], "stds": [0.9999999999999998, 1.0, 0.9999999999999999, 1.0, 1.0, 1.0, 1.0000000000000002, 1.0]}